modele,annee
Abarth 595,2017
Abarth 595C,2020
Citroen C4 Grand Picasso,2017
Citroen C4 Grand Picasso,2019
Citroen C4 Picasso,2019
Citroen DS3,2018
Citroen DS3 Cabrio,2017
Citroen DS3 Cabrio,2019
Citroen DS4,2018
Citroen DS4 Crossback,2018
Citroen DS5,2017
Citroen DS5,2018
Ford Tourneo,2020
Kia cee'd,2018
Kia cee'd,2019
Kia cee'd,2021
Kia cee'd,2022
Kia cee'd,2023
Kia pro_cee'd,2017
Kia pro_cee'd,2019
Kia pro_cee'd,2020
Kia pro_cee'd,2021
Land Rover Evoque,2017
Land Rover Evoque,2018
Land Rover Evoque,2020
Mercedes-Benz Classe GLB,2020
Mercedes-Benz Classe GLB,2021
Mercedes-Benz Classe GLB,2022
Mercedes-Benz Classe GLC,2017
Mercedes-Benz Classe GLC,2018
Mercedes-Benz Classe GLC,2019
Mercedes-Benz Classe GLC,2020
Mercedes-Benz Classe GLC,2021
Mercedes-Benz Classe GLE,2018
Opel Crossland X,2023
Suzuki SX4 S-Cross,2021
